analysis_year,analysis_era,run_period,run,scope_type,scope_name,trigger_family,owner_stream,expression,method,status,delivered_fb,recorded_fb,n_lumisections,n_runs
2022,2022,,,positive_family_or,Trigger_Any,,,HLT_Mu23_TrkIsoVVL_Ele12_CaloIdL_TrackIdL_IsoVL || HLT_Mu12_TrkIsoVVL_Ele23_CaloIdL_TrackIdL_IsoVL_DZ || HLT_Mu8_TrkIsoVVL_Ele23_CaloIdL_TrackIdL_IsoVL_DZ || HLT_Mu17_TrkIsoVVL_Mu8_TrkIsoVVL_DZ_Mass3p8 || HLT_IsoMu24 || HLT_Ele23_Ele12_CaloIdL_TrackIdL_IsoVL || HLT_Ele30_WPTight_Gsf,adaptive_validated_unprescaled_union,,8.452272667632997,8.069352108098002,40075,160
2022,2022,,,positive_family_or,Trigger_EGamma,,,HLT_Ele30_WPTight_Gsf || HLT_Ele23_Ele12_CaloIdL_TrackIdL_IsoVL,adaptive_validated_unprescaled_union,,8.448726643110996,8.066148918302,40046,160
2022,2022,,,positive_family_or,Trigger_ElMu,,,HLT_Mu23_TrkIsoVVL_Ele12_CaloIdL_TrackIdL_IsoVL || HLT_Mu12_TrkIsoVVL_Ele23_CaloIdL_TrackIdL_IsoVL_DZ || HLT_Mu8_TrkIsoVVL_Ele23_CaloIdL_TrackIdL_IsoVL_DZ,adaptive_validated_unprescaled_union,,8.452272667632997,8.069352108098002,40075,160
2022,2022,,,positive_family_or,Trigger_Muon,,,HLT_IsoMu24 || HLT_Mu17_TrkIsoVVL_Mu8_TrkIsoVVL_DZ_Mass3p8,adaptive_validated_unprescaled_union,,8.441691568542996,8.059017164407003,40034,160
2022,2022,,,positive_family_or,Trigger_dblEl,,,HLT_Ele23_Ele12_CaloIdL_TrackIdL_IsoVL,adaptive_validated_unprescaled_union,,8.448726643110996,8.066148918302002,40046,160
2022,2022,,,positive_family_or,Trigger_dblMu,,,HLT_Mu17_TrkIsoVVL_Mu8_TrkIsoVVL_DZ_Mass3p8,adaptive_validated_unprescaled_union,,8.441691568542996,8.059017164407,40034,160
2022,2022,,,positive_family_or,Trigger_sngEl,,,HLT_Ele30_WPTight_Gsf,adaptive_validated_unprescaled_union,,8.448726643110996,8.066148918302002,40046,160
2022,2022,,,positive_family_or,Trigger_sngMu,,,HLT_IsoMu24,adaptive_validated_unprescaled_union,,8.441691568542996,8.059017164407,40034,160
2022,2022EE,,,positive_family_or,Trigger_Any,,,HLT_Mu23_TrkIsoVVL_Ele12_CaloIdL_TrackIdL_IsoVL || HLT_Mu12_TrkIsoVVL_Ele23_CaloIdL_TrackIdL_IsoVL_DZ || HLT_Mu8_TrkIsoVVL_Ele23_CaloIdL_TrackIdL_IsoVL_DZ || HLT_Mu17_TrkIsoVVL_Mu8_TrkIsoVVL_DZ_Mass3p8 || HLT_IsoMu24 || HLT_Ele23_Ele12_CaloIdL_TrackIdL_IsoVL || HLT_Ele30_WPTight_Gsf,adaptive_validated_unprescaled_union,,27.940616505361998,26.67132599717399,81409,190
2022,2022EE,,,positive_family_or,Trigger_EGamma,,,HLT_Ele30_WPTight_Gsf || HLT_Ele23_Ele12_CaloIdL_TrackIdL_IsoVL,adaptive_validated_unprescaled_union,,27.883867348196997,26.617205917342986,81226,190
2022,2022EE,,,positive_family_or,Trigger_ElMu,,,HLT_Mu23_TrkIsoVVL_Ele12_CaloIdL_TrackIdL_IsoVL || HLT_Mu12_TrkIsoVVL_Ele23_CaloIdL_TrackIdL_IsoVL_DZ || HLT_Mu8_TrkIsoVVL_Ele23_CaloIdL_TrackIdL_IsoVL_DZ,adaptive_validated_unprescaled_union,,27.894422731808998,26.62727441361699,81291,190
2022,2022EE,,,positive_family_or,Trigger_Muon,,,HLT_IsoMu24 || HLT_Mu17_TrkIsoVVL_Mu8_TrkIsoVVL_DZ_Mass3p8,adaptive_validated_unprescaled_union,,27.93718568446,26.668442038239984,81401,190
2022,2022EE,,,positive_family_or,Trigger_dblEl,,,HLT_Ele23_Ele12_CaloIdL_TrackIdL_IsoVL,adaptive_validated_unprescaled_union,,27.883867348197004,26.617205917342986,81226,190
2022,2022EE,,,positive_family_or,Trigger_dblMu,,,HLT_Mu17_TrkIsoVVL_Mu8_TrkIsoVVL_DZ_Mass3p8,adaptive_validated_unprescaled_union,,27.93718568446,26.668442038239984,81401,190
2022,2022EE,,,positive_family_or,Trigger_sngEl,,,HLT_Ele30_WPTight_Gsf,adaptive_validated_unprescaled_union,,27.883867348197004,26.617205917342986,81226,190
2022,2022EE,,,positive_family_or,Trigger_sngMu,,,HLT_IsoMu24,adaptive_validated_unprescaled_union,,27.93718568446,26.668442038239984,81401,190
2023,2023,,,positive_family_or,Trigger_Any,,,HLT_Mu23_TrkIsoVVL_Ele12_CaloIdL_TrackIdL_IsoVL || HLT_Mu12_TrkIsoVVL_Ele23_CaloIdL_TrackIdL_IsoVL_DZ || HLT_Mu8_TrkIsoVVL_Ele23_CaloIdL_TrackIdL_IsoVL_DZ || HLT_Mu17_TrkIsoVVL_Mu8_TrkIsoVVL_DZ_Mass3p8 || HLT_IsoMu24 || HLT_Ele23_Ele12_CaloIdL_TrackIdL_IsoVL || HLT_Ele30_WPTight_Gsf,adaptive_validated_unprescaled_union,,19.011612743060002,18.062658998219003,55797,126
2023,2023,,,positive_family_or,Trigger_EGamma,,,HLT_Ele30_WPTight_Gsf || HLT_Ele23_Ele12_CaloIdL_TrackIdL_IsoVL,adaptive_validated_unprescaled_union,,19.011612743060002,18.062658998219003,55797,126
2023,2023,,,positive_family_or,Trigger_ElMu,,,HLT_Mu23_TrkIsoVVL_Ele12_CaloIdL_TrackIdL_IsoVL || HLT_Mu12_TrkIsoVVL_Ele23_CaloIdL_TrackIdL_IsoVL_DZ || HLT_Mu8_TrkIsoVVL_Ele23_CaloIdL_TrackIdL_IsoVL_DZ,adaptive_validated_unprescaled_union,,19.011310936134002,18.062364467336003,55796,126
2023,2023,,,positive_family_or,Trigger_Muon,,,HLT_IsoMu24 || HLT_Mu17_TrkIsoVVL_Mu8_TrkIsoVVL_DZ_Mass3p8,adaptive_validated_unprescaled_union,,19.011612743060002,18.062658998219003,55797,126
2023,2023,,,positive_family_or,Trigger_dblEl,,,HLT_Ele23_Ele12_CaloIdL_TrackIdL_IsoVL,adaptive_validated_unprescaled_union,,19.011612743060002,18.062658998219003,55797,126
2023,2023,,,positive_family_or,Trigger_dblMu,,,HLT_Mu17_TrkIsoVVL_Mu8_TrkIsoVVL_DZ_Mass3p8,adaptive_validated_unprescaled_union,,19.011612743060002,18.062658998219003,55797,126
2023,2023,,,positive_family_or,Trigger_sngEl,,,HLT_Ele30_WPTight_Gsf,adaptive_validated_unprescaled_union,,19.011612743060002,18.062658998219003,55797,126
2023,2023,,,positive_family_or,Trigger_sngMu,,,HLT_IsoMu24,adaptive_validated_unprescaled_union,,19.011612743060002,18.062658998219003,55797,126
2023,2023BPix,,,positive_family_or,Trigger_Any,,,HLT_Mu23_TrkIsoVVL_Ele12_CaloIdL_TrackIdL_IsoVL || HLT_Mu12_TrkIsoVVL_Ele23_CaloIdL_TrackIdL_IsoVL_DZ || HLT_Mu8_TrkIsoVVL_Ele23_CaloIdL_TrackIdL_IsoVL_DZ || HLT_Mu17_TrkIsoVVL_Mu8_TrkIsoVVL_DZ_Mass3p8 || HLT_IsoMu24 || HLT_Ele23_Ele12_CaloIdL_TrackIdL_IsoVL || HLT_Ele30_WPTight_Gsf,adaptive_validated_unprescaled_union,,10.166303688902,9.693130030386998,27868,43
2023,2023BPix,,,positive_family_or,Trigger_EGamma,,,HLT_Ele30_WPTight_Gsf || HLT_Ele23_Ele12_CaloIdL_TrackIdL_IsoVL,adaptive_validated_unprescaled_union,,10.164965432397999,9.691808844372998,27850,43
2023,2023BPix,,,positive_family_or,Trigger_ElMu,,,HLT_Mu23_TrkIsoVVL_Ele12_CaloIdL_TrackIdL_IsoVL || HLT_Mu12_TrkIsoVVL_Ele23_CaloIdL_TrackIdL_IsoVL_DZ || HLT_Mu8_TrkIsoVVL_Ele23_CaloIdL_TrackIdL_IsoVL_DZ,adaptive_validated_unprescaled_union,,10.164966238981998,9.691809649001998,27852,43
2023,2023BPix,,,positive_family_or,Trigger_Muon,,,HLT_IsoMu24 || HLT_Mu17_TrkIsoVVL_Mu8_TrkIsoVVL_DZ_Mass3p8,adaptive_validated_unprescaled_union,,10.165296687141,9.693129428818999,27864,43
2023,2023BPix,,,positive_family_or,Trigger_dblEl,,,HLT_Ele23_Ele12_CaloIdL_TrackIdL_IsoVL,adaptive_validated_unprescaled_union,,10.164965432397999,9.691808844372998,27850,43
2023,2023BPix,,,positive_family_or,Trigger_dblMu,,,HLT_Mu17_TrkIsoVVL_Mu8_TrkIsoVVL_DZ_Mass3p8,adaptive_validated_unprescaled_union,,10.165296687141,9.693129428818999,27864,43
2023,2023BPix,,,positive_family_or,Trigger_sngEl,,,HLT_Ele30_WPTight_Gsf,adaptive_validated_unprescaled_union,,10.164965432397999,9.691808844372998,27850,43
2023,2023BPix,,,positive_family_or,Trigger_sngMu,,,HLT_IsoMu24,adaptive_validated_unprescaled_union,,10.165296687141,9.693129428818999,27864,43
2024,2024,,,positive_family_or,Trigger_Any,,,HLT_Mu23_TrkIsoVVL_Ele12_CaloIdL_TrackIdL_IsoVL || HLT_Mu12_TrkIsoVVL_Ele23_CaloIdL_TrackIdL_IsoVL_DZ || HLT_Mu8_TrkIsoVVL_Ele23_CaloIdL_TrackIdL_IsoVL_DZ || HLT_Mu17_TrkIsoVVL_Mu8_TrkIsoVVL_DZ_Mass3p8 || HLT_IsoMu24 || HLT_Ele23_Ele12_CaloIdL_TrackIdL_IsoVL || HLT_Ele30_WPTight_Gsf,adaptive_validated_unprescaled_union,,115.87533833622587,109.070326887496,279009,453
2024,2024,,,positive_family_or,Trigger_EGamma,,,HLT_Ele30_WPTight_Gsf || HLT_Ele23_Ele12_CaloIdL_TrackIdL_IsoVL,adaptive_validated_unprescaled_union,,115.8372632108069,109.04577551101201,278921,453
2024,2024,,,positive_family_or,Trigger_ElMu,,,HLT_Mu23_TrkIsoVVL_Ele12_CaloIdL_TrackIdL_IsoVL || HLT_Mu12_TrkIsoVVL_Ele23_CaloIdL_TrackIdL_IsoVL_DZ || HLT_Mu8_TrkIsoVVL_Ele23_CaloIdL_TrackIdL_IsoVL_DZ,adaptive_validated_unprescaled_union,,115.7691105011909,109.01593975763701,278730,453
2024,2024,,,positive_family_or,Trigger_Muon,,,HLT_IsoMu24 || HLT_Mu17_TrkIsoVVL_Mu8_TrkIsoVVL_DZ_Mass3p8,adaptive_validated_unprescaled_union,,115.85637546042788,109.06955214011698,278960,453
2024,2024,,,positive_family_or,Trigger_dblEl,,,HLT_Ele23_Ele12_CaloIdL_TrackIdL_IsoVL,adaptive_validated_unprescaled_union,,115.8372632108069,109.04577551101201,278921,453
2024,2024,,,positive_family_or,Trigger_dblMu,,,HLT_Mu17_TrkIsoVVL_Mu8_TrkIsoVVL_DZ_Mass3p8,adaptive_validated_unprescaled_union,,115.85637546042788,109.06955214011701,278960,453
2024,2024,,,positive_family_or,Trigger_sngEl,,,HLT_Ele30_WPTight_Gsf,adaptive_validated_unprescaled_union,,115.8372632108069,109.04577551101201,278921,453
2024,2024,,,positive_family_or,Trigger_sngMu,,,HLT_IsoMu24,adaptive_validated_unprescaled_union,,115.85637546042788,109.06955214011701,278960,453
